Day,Date,Time,Flag
Wednesday,2025-02-12,2:53:24 pm,
Friday,2025-03-14,7:54:42 am,[**]
Sunday,2025-04-13,2:22:18 am,
Monday,2025-05-12,6:56:00 pm,
Wednesday,2025-06-11,9:43:54 am,
Thursday,2025-07-10,10:36:48 pm,
Saturday,2025-08-09,9:55:06 am,
Sunday,2025-09-07,8:08:54 pm,[**]
Tuesday,2025-10-07,5:47:42 am,
Wednesday,2025-11-05,2:19:18 pm,
Friday,2025-12-05,12:14:06 am,
Saturday,2026-01-03,11:02:54 am,
Sunday,2026-02-01,11:09:18 pm,
Tuesday,2026-03-03,12:37:54 pm,[**]
Thursday,2026-04-02,4:12:00 am,
Friday,2026-05-01,7:23:12 pm,
Sunday,2026-05-31,10:45:12 am,[+]
Tuesday,2026-06-30,1:56:42 am,
Wednesday,2026-07-29,4:35:42 pm,
Friday,2026-08-28,6:18:36 am,[*]
Saturday,2026-09-26,6:49:06 pm,
Monday,2026-10-26,5:11:54 am,
Tuesday,2026-11-24,3:53:36 pm,
Thursday,2026-12-24,2:28:18 am,
Friday,2027-01-22,1:17:24 pm,
Sunday,2027-02-21,12:23:42 am,[/]
Monday,2027-03-22,11:43:48 am,
Wednesday,2027-04-21,12:27:12 am,
Thursday,2027-05-20,12:59:06 pm,
Saturday,2027-06-19,2:44:24 am,
Sunday,2027-07-18,5:45:00 pm,
Tuesday,2027-08-17,9:28:42 am,[/]
Thursday,2027-09-16,1:03:36 am,
Friday,2027-10-15,3:47:06 pm,
Sunday,2027-11-14,4:26:00 am,
Monday,2027-12-13,5:08:48 pm,
Wednesday,2028-01-12,5:03:06 am,[*]
Thursday,2028-02-10,4:03:48 pm,
Saturday,2028-03-11,2:06:06 am,
Sunday,2028-04-09,12:26:42 pm,
Monday,2028-05-08,9:49:00 pm,
Wednesday,2028-06-07,8:08:48 am,
Thursday,2028-07-06,8:10:48 pm,[*]
Saturday,2028-08-05,10:09:54 am,
Monday,2028-09-04,1:47:36 am,
Tuesday,2028-10-03,6:25:00 pm,
Thursday,2028-11-02,10:17:24 am,
Saturday,2028-12-02,2:40:18 am,
Sunday,2028-12-31,5:48:36 pm,[**]
Tuesday,2029-01-30,7:03:42 am,
Wednesday,2029-02-28,6:10:18 pm,
Friday,2029-03-30,4:26:30 am,
Saturday,2029-04-28,12:36:48 pm,
Sunday,2029-05-27,8:37:30 pm,
Tuesday,2029-06-26,5:22:24 am,[**]
Wednesday,2029-07-25,3:35:48 pm,
Friday,2029-08-24,3:51:18 am,
Saturday,2029-09-22,6:29:18 pm,
Monday,2029-10-22,11:27:36 am,
Wednesday,2029-11-21,5:03:00 am,
Thursday,2029-12-20,11:46:30 pm,[**]
Saturday,2030-01-19,4:54:24 pm,
Monday,2030-02-18,7:19:48 am,
Tuesday,2030-03-19,6:56:30 pm,
Thursday,2030-04-18,5:20:06 am,
Friday,2030-05-17,1:19:12 pm,
Saturday,2030-06-15,8:41:00 pm,[*]
Monday,2030-07-15,4:12:00 am,
Tuesday,2030-08-13,12:44:24 pm,
Wednesday,2030-09-11,11:18:00 pm,
Friday,2030-10-11,12:46:54 pm,
Sunday,2030-11-10,4:30:18 am,
Monday,2030-12-09,11:40:30 pm,[/]
Wednesday,2031-01-08,7:25:54 pm,
Friday,2031-02-07,1:46:12 pm,
Sunday,2031-03-09,5:29:42 am,
Monday,2031-04-07,7:21:24 pm,
Wednesday,2031-05-07,5:39:54 am,[/]
Thursday,2031-06-05,1:58:36 pm,[/]
Friday,2031-07-04,9:01:24 pm,
Sunday,2031-08-03,3:45:36 am,
Monday,2031-09-01,11:20:30 am,
Tuesday,2031-09-30,8:57:54 pm,[+]
Thursday,2031-10-30,8:32:42 am,[/]
Saturday,2031-11-29,12:18:30 am,
Sunday,2031-12-28,6:33:06 pm,
Tuesday,2032-01-27,1:52:30 pm,
Thursday,2032-02-26,8:43:18 am,
Saturday,2032-03-27,1:46:18 am,
Sunday,2032-04-25,5:09:42 pm,[**]
Tuesday,2032-05-25,4:37:18 am,
Wednesday,2032-06-23,1:32:36 pm,
Thursday,2032-07-22,8:51:36 pm,
Saturday,2032-08-21,3:46:54 am,
Sunday,2032-09-19,11:30:18 am,
Monday,2032-10-18,8:58:12 pm,[**]
Wednesday,2032-11-17,7:42:06 am,
Thursday,2032-12-16,9:49:00 pm,
Saturday,2033-01-15,2:07:06 pm,
Monday,2033-02-14,8:04:12 am,
Wednesday,2033-03-16,2:37:30 am,
Thursday,2033-04-14,9:17:24 pm,[**]
Saturday,2033-05-14,12:42:48 pm,
Monday,2033-06-13,1:19:18 am,
Tuesday,2033-07-12,11:28:36 am,
Wednesday,2033-08-10,8:07:42 pm,
Friday,2033-09-09,4:20:36 am,
Saturday,2033-10-08,12:58:12 pm,[**]
Sunday,2033-11-06,9:32:06 pm,
Tuesday,2033-12-06,8:22:06 am,
Wednesday,2034-01-04,8:47:06 pm,
Friday,2034-02-03,11:04:36 am,
Sunday,2034-03-05,3:10:12 am,
Monday,2034-04-03,9:18:54 pm,[/]
Wednesday,2034-05-03,2:15:48 pm,
Friday,2034-06-02,5:54:06 am,
Saturday,2034-07-01,7:44:36 pm,
Monday,2034-07-31,7:54:30 am,
Tuesday,2034-08-29,6:49:18 pm,
Thursday,2034-09-28,4:56:54 am,[*]
Friday,2034-10-27,2:42:36 pm,
Saturday,2034-11-25,11:32:12 pm,
Monday,2034-12-25,9:54:30 am,
Tuesday,2035-01-23,9:16:36 pm,
Thursday,2035-02-22,9:54:00 am,[/]
Friday,2035-03-23,11:42:12 pm,
Sunday,2035-04-22,3:20:48 pm,
Tuesday,2035-05-22,6:25:54 am,
Wednesday,2035-06-20,9:37:30 pm,
Friday,2035-07-20,12:36:54 pm,
Sunday,2035-08-19,3:00:24 am,[*]
Monday,2035-09-17,4:23:36 pm,
Wednesday,2035-10-17,4:35:36 am,
Thursday,2035-11-15,2:48:54 pm,
Saturday,2035-12-15,1:33:12 am,
Sunday,2036-01-13,12:16:12 pm,
Monday,2036-02-11,11:08:48 pm,[**]
Wednesday,2036-03-12,10:09:30 am,
Thursday,2036-04-10,10:22:36 pm,
Saturday,2036-05-10,10:09:36 am,
Sunday,2036-06-08,11:02:00 pm,
Tuesday,2036-07-08,1:19:24 pm,
Thursday,2036-08-07,4:49:00 am,[**]
Friday,2036-09-05,8:45:36 pm,
Sunday,2036-10-05,12:15:12 pm,
Tuesday,2036-11-04,1:44:18 am,
Wednesday,2036-12-03,3:08:36 pm,
Friday,2037-01-02,3:35:18 am,
Saturday,2037-01-31,3:04:12 pm,[**][+]
Monday,2037-03-02,1:28:12 am,
Tuesday,2037-03-31,11:53:36 am,
Wednesday,2037-04-29,8:54:00 pm,
Friday,2037-05-29,6:24:12 am,
Saturday,2037-06-27,5:20:00 pm,
Monday,2037-07-27,6:15:12 am,[*]
Tuesday,2037-08-25,9:09:24 pm,
Thursday,2037-09-24,1:31:48 pm,
Saturday,2037-10-24,6:36:36 am,
Sunday,2037-11-22,10:35:18 pm,
Tuesday,2037-12-22,2:38:42 pm,
Thursday,2038-01-21,5:00:00 am,[/]
Friday,2038-02-19,5:09:30 pm,
Sunday,2038-03-21,3:09:36 am,
Monday,2038-04-19,12:36:06 pm,
Tuesday,2038-05-18,8:23:36 pm,
Thursday,2038-06-17,4:30:36 am,[/]
Friday,2038-07-16,1:48:18 pm,[/]
Sunday,2038-08-15,12:56:54 am,
Monday,2038-09-13,2:24:30 pm,
Wednesday,2038-10-13,6:21:54 am,
Thursday,2038-11-11,11:27:12 pm,
Saturday,2038-12-11,6:30:30 pm,[/]
Monday,2039-01-10,12:45:36 pm,
Wednesday,2039-02-09,4:39:18 am,
Thursday,2039-03-10,5:35:00 pm,
Saturday,2039-04-09,4:52:48 am,
Sunday,2039-05-08,1:20:06 pm,
Monday,2039-06-06,8:47:42 pm,[*]
Wednesday,2039-07-06,4:03:30 am,
Thursday,2039-08-04,11:56:42 am,
Friday,2039-09-02,9:23:36 pm,
Sunday,2039-10-02,9:23:18 am,
Monday,2039-10-31,11:36:18 pm,
Wednesday,2039-11-30,5:49:36 pm,[*]
Friday,2039-12-30,1:37:48 pm,
Sunday,2040-01-29,8:54:42 am,
Tuesday,2040-02-28,1:59:36 am,
Wednesday,2040-03-28,5:11:42 pm,
Friday,2040-04-27,4:37:54 am,
Saturday,2040-05-26,1:47:06 pm,[**]
Sunday,2040-06-24,9:19:24 pm,
Tuesday,2040-07-24,4:05:42 am,
Wednesday,2040-08-22,11:09:42 am,
Thursday,2040-09-20,7:42:48 pm,
Saturday,2040-10-20,6:49:54 am,
Sunday,2040-11-18,8:06:12 pm,[**]
Tuesday,2040-12-18,1:15:48 pm,
Thursday,2041-01-17,8:11:24 am,
Saturday,2041-02-16,3:21:18 am,
Sunday,2041-03-17,9:19:12 pm,
Tuesday,2041-04-16,2:00:42 pm,
Thursday,2041-05-16,2:52:24 am,[*]
Friday,2041-06-14,12:58:48 pm,
Saturday,2041-07-13,9:00:54 pm,
Monday,2041-08-12,4:04:42 am,
Tuesday,2041-09-10,11:23:54 am,
Wednesday,2041-10-09,8:02:42 pm,
Friday,2041-11-08,5:43:30 am,[*]
Saturday,2041-12-07,6:42:18 pm,
Monday,2042-01-06,9:54:00 am,
Wednesday,2042-02-05,2:57:48 am,
Thursday,2042-03-06,9:10:00 pm,
Saturday,2042-04-05,4:16:00 pm,[/]
Monday,2042-05-05,8:48:36 am,
Tuesday,2042-06-03,10:48:18 pm,
Thursday,2042-07-03,10:09:24 am,
Friday,2042-08-01,7:33:24 pm,
Sunday,2042-08-31,4:02:24 am,[+]
Monday,2042-09-29,12:34:24 pm,[/]
Tuesday,2042-10-28,8:48:30 pm,
Thursday,2042-11-27,7:06:06 am,
Friday,2042-12-26,6:42:48 pm,
Sunday,2043-01-25,7:56:42 am,
Monday,2043-02-23,10:58:00 pm,
Wednesday,2043-03-25,3:26:24 pm,[**]
Friday,2043-04-24,9:23:06 am,
Sunday,2043-05-24,1:37:00 am,
Monday,2043-06-22,4:20:42 pm,
Wednesday,2043-07-22,5:24:18 am,
Thursday,2043-08-20,5:04:36 pm,
Saturday,2043-09-19,3:47:06 am,[**]
Sunday,2043-10-18,1:55:48 pm,
Monday,2043-11-16,10:52:36 pm,
Wednesday,2043-12-16,9:02:06 am,
Thursday,2044-01-14,7:51:12 pm,
Saturday,2044-02-13,7:41:48 am,
Sunday,2044-03-13,8:41:12 pm,[**]
Tuesday,2044-04-12,11:39:12 am,
Thursday,2044-05-12,2:16:42 am,
Friday,2044-06-10,5:16:12 pm,
Sunday,2044-07-10,8:22:06 am,
Monday,2044-08-08,11:14:00 pm,
Wednesday,2044-09-07,1:24:30 pm,[**]
Friday,2044-10-07,2:30:06 am,
Saturday,2044-11-05,1:26:48 pm,
Monday,2044-12-05,12:34:00 am,
Tuesday,2045-01-03,11:20:30 am,
Wednesday,2045-02-01,10:05:36 pm,
Friday,2045-03-03,8:52:42 am,[/]
Saturday,2045-04-01,8:43:06 pm,
Monday,2045-05-01,7:52:18 am,
Tuesday,2045-05-30,7:52:30 pm,
Thursday,2045-06-29,9:15:54 am,
Saturday,2045-07-29,12:10:42 am,
Sunday,2045-08-27,4:07:48 pm,[/]
Tuesday,2045-09-26,8:11:36 am,
Wednesday,2045-10-25,11:31:18 pm,
Friday,2045-11-24,12:43:36 pm,
Sunday,2045-12-24,1:49:18 am,
Monday,2046-01-22,1:51:24 pm,[*]
Wednesday,2046-02-21,12:44:24 am,
Thursday,2046-03-22,10:27:00 am,
Friday,2046-04-20,8:21:12 pm,
Sunday,2046-05-20,5:15:24 am,
Monday,2046-06-18,3:10:06 pm,
Wednesday,2046-07-18,2:55:06 am,[*]
Thursday,2046-08-16,4:50:12 pm,
Saturday,2046-09-15,8:39:30 am,
Monday,2046-10-15,1:41:24 am,
Tuesday,2046-11-13,6:04:30 pm,
Thursday,2046-12-13,10:55:30 am,
Saturday,2047-01-12,2:21:24 am,[**]
Sunday,2047-02-10,3:39:54 pm,
Tuesday,2047-03-12,2:37:06 am,
Wednesday,2047-04-10,12:35:24 pm,
Thursday,2047-05-09,8:24:36 pm,
Saturday,2047-06-08,4:05:00 am,
Sunday,2047-07-07,12:33:54 pm,[**]
Monday,2047-08-05,10:38:36 pm,
Wednesday,2047-09-04,10:54:18 am,
Friday,2047-10-04,1:42:06 am,
Saturday,2047-11-02,5:58:12 pm,
Monday,2047-12-02,12:55:12 pm,
Wednesday,2048-01-01,7:57:12 am,[**]
Friday,2048-01-31,1:14:24 am,
Saturday,2048-02-29,3:38:12 pm,
Monday,2048-03-30,4:04:30 am,
Tuesday,2048-04-28,1:13:00 pm,
Wednesday,2048-05-27,8:57:18 pm,
Friday,2048-06-26,4:08:12 am,[*]
Saturday,2048-07-25,11:34:00 am,
Sunday,2048-08-23,8:07:12 pm,
Tuesday,2048-09-22,6:46:36 am,
Wednesday,2048-10-21,8:25:00 pm,
Friday,2048-11-20,12:19:36 pm,
Sunday,2048-12-20,7:39:18 am,[/]
Tuesday,2049-01-19,3:29:12 am,
Wednesday,2049-02-17,9:47:30 pm,
Friday,2049-03-19,1:23:24 pm,
Sunday,2049-04-18,3:04:48 am,
Monday,2049-05-17,1:13:48 pm,[/]
Tuesday,2049-06-15,9:26:54 pm,[/]
Thursday,2049-07-15,4:29:42 am,
Friday,2049-08-13,11:19:36 am,
Saturday,2049-09-11,7:04:24 pm,
Monday,2049-10-11,4:53:18 am,
Tuesday,2049-11-09,4:38:00 pm,[/]
Thursday,2049-12-09,8:28:06 am,
Saturday,2050-01-08,2:39:06 am,
Sunday,2050-02-06,9:47:30 pm,
Tuesday,2050-03-08,4:23:18 pm,
Thursday,2050-04-07,10:12:12 am,
Saturday,2050-05-07,12:26:12 am,[**]
Sunday,2050-06-05,11:51:12 am,
Monday,2050-07-04,8:51:00 pm,
Wednesday,2050-08-03,4:20:30 am,
Thursday,2050-09-01,11:30:54 am,
Friday,2050-09-30,7:31:48 pm,[+]
Sunday,2050-10-30,4:16:00 am,[**]
Monday,2050-11-28,4:09:48 pm,
Wednesday,2050-12-28,6:15:36 am,
